TrialNumber,P1_1,P1_2,O2_2,O2_1,O1_1,O1_2,ProbType,EV2,EV1,P2_2,P2_1,ran,order,leftRight,resp,resp_onset,rt,maxL_ITR,maxR_ITR,duration,ITI_onset
1,0.6,0.4,0,0,-12,-7,SD3,-7,-7.2,0,1,1.0,0.0,0.0,1.0,69.8398,0.814802,6.0,6.0,70.3564,70.3623
2,0.2,0.8,0,0,-6,-2,SD4,-2,-1.2,0,1,1.0,1.0,0.0,2.0,95.0077,0.669319,8.0,8.0,95.5116,95.5182
3,0.4,0.6,0,0,8,3,SD2,3,3.2,0,1,1.0,2.0,1.0,1.0,110.896,0.325565,5.0,5.0,111.402,111.41
4,0.3,0.7,0,-2,9,2,MD2,2,1.3,0,1,1.0,3.0,1.0,1.0,128.344,0.35888,6.0,6.0,128.855,128.862
5,0.8,0.2,0,0,20,18,SD1,18,16,0,1,1.0,4.0,1.0,2.0,145.68,0.530289,7.0,5.0,146.183,146.188
6,0.1,0.9,0,-5,25,-3,MD1,-3,-2,0,1,1.0,5.0,0.0,1.0,162.44,0.425359,5.0,7.0,162.949,162.956
