TrialNumber,P1_1,P1_2,O2_2,O2_1,O1_1,O1_2,ProbType,EV2,EV1,P2_2,P2_1,ran,order,leftRight,displayOnset,resp,resp_onset,rt,duration,ITI_onset
1,0.25,0.75,-2,4,10,10,RR1,5.2,5.5,0.4,0.6,1.0,0.0,0.0,0.0565023,NA,0.0,-9.14506,11.145,11.1578
2,0.5,0.5,0,-15,32,9,MD3,9,8.5,0,1,1.0,1.0,0.0,0.0326906,NA,0.0,-9.13185,11.1317,11.1464
3,0.8,0.2,-4,2,12,25,RR2,10.5,10,0.5,0.5,1.0,2.0,0.0,0.0515662,2,9.71196,0.563245,10.2227,10.2365
4,0.7,0.3,0,-8,17,10,MD4,10,9.5,0,1,1.0,3.0,1.0,0.0489828,1,9.97382,0.858222,10.4811,10.4948
5,0.4,0.6,-2,2,8,5,RR3,4.3,4.4,0.1,0.9,1.0,4.0,1.0,0.0435607,1,9.86732,0.751613,10.3729,10.3866
6,0.9,0.1,-5,10,15,20,RR4,13.75,14.5,0.25,0.75,1.0,5.0,1.0,0.0409226,1,9.99984,0.868312,10.5123,10.5269
