Trial,Resp,LR,Outcome,RT,respOnset
1,1,0,-5,2.0646602609485853,114.21750768471975
1,2,0,-3,3.263337094336748,117.4808447790565
1,1,0,-5,1.2400518369104248,118.72089661596692
