TrialNumber,P1_1,P1_2,O2_2,O2_1,O1_1,O1_2,ProbType,EV2,EV1,P2_2,P2_1,ran,order,leftRight,resp,resp_onset,rt,maxL_ITR,maxR_ITR,duration,ITI_onset
1,0.7,0.3,0,-8,17,10,MD4,10,9.5,0,1,1.0,0.0,0.0,2.0,123.672,1.70322,6.0,5.0,124.185,124.191
2,0.2,0.8,0,0,-6,-2,SD4,-2,-1.2,0,1,1.0,1.0,1.0,2.0,154.672,0.856787,5.0,7.0,155.17,155.176
3,0.8,0.2,-4,2,12,25,RR2,10.5,10,0.5,0.5,1.0,2.0,0.0,1.0,187.192,1.41382,6.0,5.0,187.693,187.7
4,0.4,0.6,-2,2,8,5,RR3,4.3,4.4,0.1,0.9,1.0,3.0,0.0,1.0,220.568,1.29365,8.0,6.0,221.071,221.078
5,0.6,0.4,0,0,-12,-7,SD3,-7,-7.2,0,1,1.0,4.0,1.0,2.0,242.384,0.56275,5.0,8.0,242.897,242.905
6,0.25,0.75,-2,4,10,10,RR1,5.2,5.5,0.4,0.6,1.0,5.0,0.0,1.0,269.56,0.608274,7.0,6.0,270.068,270.075
