TrialNumber,P1_1,P1_2,O2_2,O2_1,O1_1,O1_2,ProbType,EV2,EV1,P2_2,P2_1,ran,order,leftRight,displayOnset,resp,resp_onset,rt,duration,ITI_onset
1,0.9,0.1,-5,10,15,20,RR4,13.75,14.5,0.25,0.75,1.0,0.0,0.0,0.0623431,2.0,10.9438,1.79234,11.4525,11.4672
2,0.8,0.2,0,0,20,18,SD1,18,16,0,1,1.0,1.0,0.0,0.0335375,NA,0.0,-9.1152,11.1151,11.1279
3,0.3,0.7,0,-2,9,2,MD2,2,1.3,0,1,1.0,2.0,0.0,0.0276578,1,9.55956,0.4443,10.0693,10.0812
4,0.5,0.5,0,-15,32,9,MD3,9,8.5,0,1,1.0,3.0,0.0,0.0469786,1,9.73436,0.602908,10.2413,10.2558
5,0.4,0.6,0,0,8,3,SD2,3,3.2,0,1,1.0,4.0,0.0,0.0269804,1,10.3394,1.22405,10.8507,10.864
6,0.1,0.9,0,-5,25,-3,MD1,-3,-2,0,1,1.0,5.0,1.0,0.0249234,1,10.1201,1.00468,10.6318,10.6442
